{
    "total": {
        "EM": 0.3708155534569429,
        "EM_with_conditions": 0.3127283566217882,
        "F1": 0.4611514956628591,
        "F1_with_conditions": 0.39371251590305767
    },
    "yesno": {
        "EM": 0.4705065226239772,
        "EM_with_conditions": 0.36930709769610465,
        "F1": 0.47493542705288166,
        "F1_with_conditions": 0.3737360021250091
    },
    "extractive": {
        "EM": 0.29999999999999993,
        "EM_with_conditions": 0.2837239583333333,
        "F1": 0.4961907046511928,
        "F1_with_conditions": 0.4590923338163676
    },
    "conditional": {
        "EM": 0.32600292748178467,
        "EM_with_conditions": 0.06322751322751323,
        "F1": 0.3836410950096154,
        "F1_with_conditions": 0.07855999609622798
    }
}