{
    "total": {
        "EM": 0.40596916762984125,
        "EM_with_conditions": 0.3299457758169758,
        "F1": 0.4628821578604578,
        "F1_with_conditions": 0.3833168634439046
    },
    "yesno": {
        "EM": 0.7088662897984017,
        "EM_with_conditions": 0.5725026534347654,
        "F1": 0.713178644110756,
        "F1_with_conditions": 0.5754164063485182
    },
    "extractive": {
        "EM": 0.11197916666666667,
        "EM_with_conditions": 0.09505208333333333,
        "F1": 0.23388178814368962,
        "F1_with_conditions": 0.2106309372943334
    },
    "conditional": {
        "EM": 0.39682539682539675,
        "EM_with_conditions": 0.052910052910052914,
        "F1": 0.4201507608352846,
        "F1_with_conditions": 0.060212524188973465
    }
}