{
    "total": {
        "EM": 0.29239766081871343,
        "EM_with_conditions": 0.2391812865497076,
        "F1": 0.35748824766899717,
        "F1_with_conditions": 0.29890688135909915
    },
    "yesno": {
        "EM": 0.5034965034965035,
        "EM_with_conditions": 0.4090909090909091,
        "F1": 0.5378077490333657,
        "F1_with_conditions": 0.43390848917164704
    },
    "extractive": {
        "EM": 0.08854166666666666,
        "EM_with_conditions": 0.07552083333333333,
        "F1": 0.1951378318272888,
        "F1_with_conditions": 0.18077771277966978
    },
    "conditional": {
        "EM": 0.30158730158730157,
        "EM_with_conditions": 0.06084656084656085,
        "F1": 0.33413388440478226,
        "F1_with_conditions": 0.06912294157429055
    }
}