{
    "total": {
        "EM": 0.5312280701754385,
        "EM_with_conditions": 0.45286549707602336,
        "F1": 0.6199756970211272,
        "F1_with_conditions": 0.5308876724047499
    },
    "yesno": {
        "EM": 0.7762237762237763,
        "EM_with_conditions": 0.6223776223776224,
        "F1": 0.7762237762237763,
        "F1_with_conditions": 0.6223776223776224
    },
    "extractive": {
        "EM": 0.31562500000000004,
        "EM_with_conditions": 0.3130208333333333,
        "F1": 0.5132271378986029,
        "F1_with_conditions": 0.4867420830887003
    },
    "conditional": {
        "EM": 0.41190476190476183,
        "EM_with_conditions": 0.05740740740740741,
        "F1": 0.47749708079512654,
        "F1_with_conditions": 0.07447982657818204
    }
}