{
    "total": {
        "EM": 0.08888888888888888,
        "EM_with_conditions": 0.02573099415204678,
        "F1": 0.16294172194474202,
        "F1_with_conditions": 0.09482140779711418
    },
    "yesno": {
        "EM": 0.12237762237762238,
        "EM_with_conditions": 0.0,
        "F1": 0.13968630848936467,
        "F1_with_conditions": 0.017083105241000124
    },
    "extractive": {
        "EM": 0.061197916666666664,
        "EM_with_conditions": 0.057291666666666664,
        "F1": 0.20674413000212732,
        "F1_with_conditions": 0.1920407591618322
    },
    "conditional": {
        "EM": 0.291005291005291,
        "EM_with_conditions": 0.005291005291005291,
        "F1": 0.3250847522367686,
        "F1_with_conditions": 0.016921426330833468
    }
}