{
    "total": {
        "EM": 0.10701754385964912,
        "EM_with_conditions": 0.005263157894736842,
        "F1": 0.1624203244745948,
        "F1_with_conditions": 0.05534266183144362
    },
    "yesno": {
        "EM": 0.20279720279720279,
        "EM_with_conditions": 0.0,
        "F1": 0.2158490598901626,
        "F1_with_conditions": 0.012718344451754977
    },
    "extractive": {
        "EM": 0.01171875,
        "EM_with_conditions": 0.01171875,
        "F1": 0.1204951321169238,
        "F1_with_conditions": 0.1090151200418787
    },
    "conditional": {
        "EM": 0.4603174603174603,
        "EM_with_conditions": 0.0,
        "F1": 0.5053359281243418,
        "F1_with_conditions": 0.020936978071991394
    }
}