{
    "total": {
        "EM": 0.0283625730994152,
        "EM_with_conditions": 0.023099415204678363,
        "F1": 0.20397208161062644,
        "F1_with_conditions": 0.19265915133484787
    },
    "yesno": {
        "EM": 0.006993006993006993,
        "EM_with_conditions": 0.0,
        "F1": 0.21445221445221455,
        "F1_with_conditions": 0.2027972027972029
    },
    "extractive": {
        "EM": 0.055338541666666664,
        "EM_with_conditions": 0.051432291666666664,
        "F1": 0.2145732546278272,
        "F1_with_conditions": 0.2024051416439973
    },
    "conditional": {
        "EM": 0.03306878306878307,
        "EM_with_conditions": 0.009259259259259259,
        "F1": 0.07846404891923099,
        "F1_with_conditions": 0.02728650719547078
    }
}