{
    "total": {
        "EM": 0.5257894736842105,
        "EM_with_conditions": 0.4445029239766082,
        "F1": 0.6363432233409801,
        "F1_with_conditions": 0.5472266307984278
    },
    "yesno": {
        "EM": 0.8181818181818182,
        "EM_with_conditions": 0.6643356643356644,
        "F1": 0.8181818181818182,
        "F1_with_conditions": 0.6643356643356644
    },
    "extractive": {
        "EM": 0.25664062499999996,
        "EM_with_conditions": 0.2475260416666666,
        "F1": 0.5027954582201505,
        "F1_with_conditions": 0.4762467951371235
    },
    "conditional": {
        "EM": 0.42301587301587296,
        "EM_with_conditions": 0.055291005291005293,
        "F1": 0.485079731013866,
        "F1_with_conditions": 0.08193324094041463
    }
}