{
    "total": {
        "EM": 0.5535672514619883,
        "EM_with_conditions": 0.3697710854676799,
        "F1": 0.6387743297093408,
        "F1_with_conditions": 0.4222151149170528
    },
    "yesno": {
        "EM": 0.8391608391608392,
        "EM_with_conditions": 0.523436545629059,
        "F1": 0.8391608391608392,
        "F1_with_conditions": 0.523436545629059
    },
    "extractive": {
        "EM": 0.2950520833333333,
        "EM_with_conditions": 0.23854166666666668,
        "F1": 0.4847709684934541,
        "F1_with_conditions": 0.3553115759875357
    },
    "conditional": {
        "EM": 0.4296296296296296,
        "EM_with_conditions": 0.14896443425855188,
        "F1": 0.5035623114093825,
        "F1_with_conditions": 0.1584378532557804
    }
}