{
    "total": {
        "EM": 0.291812865497076,
        "EM_with_conditions": 0.23976608187134507,
        "F1": 0.35963826407636157,
        "F1_with_conditions": 0.2992834397750701
    },
    "yesno": {
        "EM": 0.5,
        "EM_with_conditions": 0.4020979020979021,
        "F1": 0.5308831662346569,
        "F1_with_conditions": 0.42501365440268646
    },
    "extractive": {
        "EM": 0.09114583333333334,
        "EM_with_conditions": 0.08463541666666666,
        "F1": 0.20766103507974273,
        "F1_with_conditions": 0.19155334184617792
    },
    "conditional": {
        "EM": 0.28835978835978837,
        "EM_with_conditions": 0.052910052910052914,
        "F1": 0.33042472508270615,
        "F1_with_conditions": 0.057390996100673525
    }
}