{
    "total": {
        "EM": 0.4757874090466512,
        "EM_with_conditions": 0.4089569744751218,
        "F1": 0.5700022379110276,
        "F1_with_conditions": 0.4820104035616329
    },
    "yesno": {
        "EM": 0.7477814329484539,
        "EM_with_conditions": 0.6145879095016997,
        "F1": 0.7477814329484539,
        "F1_with_conditions": 0.6145879095016997
    },
    "extractive": {
        "EM": 0.22395833333333334,
        "EM_with_conditions": 0.22395833333333334,
        "F1": 0.43373353822667116,
        "F1_with_conditions": 0.38661635903376773
    },
    "conditional": {
        "EM": 0.35259270665956405,
        "EM_with_conditions": 0.05026455026455026,
        "F1": 0.4138141172141561,
        "F1_with_conditions": 0.06490809613691782
    }
}