{
    "total": {
        "EM": 0.4823104891983628,
        "EM_with_conditions": 0.1983881051942526,
        "F1": 0.5714678358537285,
        "F1_with_conditions": 0.22169760219879606
    },
    "yesno": {
        "EM": 0.7312947978195811,
        "EM_with_conditions": 0.36508585067852206,
        "F1": 0.7312947978195811,
        "F1_with_conditions": 0.36508585067852206
    },
    "extractive": {
        "EM": 0.25690104166666666,
        "EM_with_conditions": 0.03385416666666667,
        "F1": 0.455415446329004,
        "F1_with_conditions": 0.08575421859084541
    },
    "conditional": {
        "EM": 0.492347292717007,
        "EM_with_conditions": 0.031746031746031744,
        "F1": 0.559502003086003,
        "F1_with_conditions": 0.05898388648388647
    }
}