{
    "total": {
        "EM": 0.4872514619883041,
        "EM_with_conditions": 0.3454385964912281,
        "F1": 0.5916280247920532,
        "F1_with_conditions": 0.4264941681415992
    },
    "yesno": {
        "EM": 0.8181818181818182,
        "EM_with_conditions": 0.5635198135198136,
        "F1": 0.8181818181818182,
        "F1_with_conditions": 0.5635198135198136
    },
    "extractive": {
        "EM": 0.1708333333333333,
        "EM_with_conditions": 0.13958333333333334,
        "F1": 0.4032342739510553,
        "F1_with_conditions": 0.3200586295861122
    },
    "conditional": {
        "EM": 0.4264550264550264,
        "EM_with_conditions": 0.07063492063492063,
        "F1": 0.5005675619843536,
        "F1_with_conditions": 0.09860009207234212
    }
}