{
    "total": {
        "EM": 0.36404785376671694,
        "EM_with_conditions": 0.3063243001719633,
        "F1": 0.4571955415413383,
        "F1_with_conditions": 0.38932097647979674
    },
    "yesno": {
        "EM": 0.47974572254205816,
        "EM_with_conditions": 0.3687815306457544,
        "F1": 0.4877489592350263,
        "F1_with_conditions": 0.3751261695262785
    },
    "extractive": {
        "EM": 0.274609375,
        "EM_with_conditions": 0.2700520833333333,
        "F1": 0.4730674075677547,
        "F1_with_conditions": 0.4477612191756578
    },
    "conditional": {
        "EM": 0.32171237208208636,
        "EM_with_conditions": 0.060582010582010584,
        "F1": 0.38108658490725916,
        "F1_with_conditions": 0.07403498105742848
    }
}