{
    "total": {
        "EM": 0.19237019016033763,
        "EM_with_conditions": 0.08904427216949355,
        "F1": 0.27358977684702873,
        "F1_with_conditions": 0.09353694553197767
    },
    "yesno": {
        "EM": 0.3143974652379692,
        "EM_with_conditions": 0.1751348547900163,
        "F1": 0.31579606663657056,
        "F1_with_conditions": 0.1751348547900163
    },
    "extractive": {
        "EM": 0.07708333333333334,
        "EM_with_conditions": 0.0026041666666666665,
        "F1": 0.2563613193154194,
        "F1_with_conditions": 0.012607384700322676
    },
    "conditional": {
        "EM": 0.20763841207498376,
        "EM_with_conditions": 0.0291005291005291,
        "F1": 0.2365193955660991,
        "F1_with_conditions": 0.03450762258215674
    }
}